ID,HTML_Content,Tag,Description,Extra_Data
0,"<div>Content 0</div>",<admin>,Description for item 0 with <b>bold</b> text,Extra data 0
1,"<div>Content 1</div>",<error>,Description for item 1 with <b>bold</b> text,Extra data 1
2,"<div>Content 2</div>",<system>,Description for item 2 with <b>bold</b> text,Extra data 2
3,"<div>Content 3</div>",<guest>,Description for item 3 with <b>bold</b> text,Extra data 3
4,"<div>Content 4</div>",<user>,Description for item 4 with <b>bold</b> text,Extra data 4
5,"<div>Content 5</div>",<guest>,Description for item 5 with <b>bold</b> text,Extra data 5
6,"<div>Content 6</div>",<system>,Description for item 6 with <b>bold</b> text,Extra data 6
7,"<div>Content 7</div>",<error>,Description for item 7 with <b>bold</b> text,Extra data 7
8,"<div>Content 8</div>",<system>,Description for item 8 with <b>bold</b> text,Extra data 8
9,"<div>Content 9</div>",<system>,Description for item 9 with <b>bold</b> text,Extra data 9
10,"<div>Content 10</div>",<system>,Description for item 10 with <b>bold</b> text,Extra data 10
11,"<div>Content 11</div>",<admin>,Description for item 11 with <b>bold</b> text,Extra data 11
12,"<div>Content 12</div>",<admin>,Description for item 12 with <b>bold</b> text,Extra data 12
13,"<div>Content 13</div>",<system>,Description for item 13 with <b>bold</b> text,Extra data 13
14,"<div>Content 14</div>",<guest>,Description for item 14 with <b>bold</b> text,Extra data 14
15,"<div>Content 15</div>",<admin>,Description for item 15 with <b>bold</b> text,Extra data 15
16,"<div>Content 16</div>",<system>,Description for item 16 with <b>bold</b> text,Extra data 16
17,"<div>Content 17</div>",<admin>,Description for item 17 with <b>bold</b> text,Extra data 17
18,"<div>Content 18</div>",<guest>,Description for item 18 with <b>bold</b> text,Extra data 18
19,"<div>Content 19</div>",<guest>,Description for item 19 with <b>bold</b> text,Extra data 19
20,"<div>Content 20</div>",<system>,Description for item 20 with <b>bold</b> text,Extra data 20
21,"<div>Content 21</div>",<system>,Description for item 21 with <b>bold</b> text,Extra data 21
22,"<div>Content 22</div>",<error>,Description for item 22 with <b>bold</b> text,Extra data 22
23,"<div>Content 23</div>",<user>,Description for item 23 with <b>bold</b> text,Extra data 23
24,"<div>Content 24</div>",<error>,Description for item 24 with <b>bold</b> text,Extra data 24
25,"<div>Content 25</div>",<user>,Description for item 25 with <b>bold</b> text,Extra data 25
26,"<div>Content 26</div>",<user>,Description for item 26 with <b>bold</b> text,Extra data 26
27,"<div>Content 27</div>",<admin>,Description for item 27 with <b>bold</b> text,Extra data 27
28,"<div>Content 28</div>",<guest>,Description for item 28 with <b>bold</b> text,Extra data 28
29,"<div>Content 29</div>",<guest>,Description for item 29 with <b>bold</b> text,Extra data 29
30,"<div>Content 30</div>",<error>,Description for item 30 with <b>bold</b> text,Extra data 30
31,"<div>Content 31</div>",<system>,Description for item 31 with <b>bold</b> text,Extra data 31
32,"<div>Content 32</div>",<error>,Description for item 32 with <b>bold</b> text,Extra data 32
33,"<div>Content 33</div>",<system>,Description for item 33 with <b>bold</b> text,Extra data 33
34,"<div>Content 34</div>",<admin>,Description for item 34 with <b>bold</b> text,Extra data 34
35,"<div>Content 35</div>",<admin>,Description for item 35 with <b>bold</b> text,Extra data 35
36,"<div>Content 36</div>",<user>,Description for item 36 with <b>bold</b> text,Extra data 36
37,"<div>Content 37</div>",<guest>,Description for item 37 with <b>bold</b> text,Extra data 37
38,"<div>Content 38</div>",<error>,Description for item 38 with <b>bold</b> text,Extra data 38
39,"<div>Content 39</div>",<user>,Description for item 39 with <b>bold</b> text,Extra data 39
40,"<div>Content 40</div>",<system>,Description for item 40 with <b>bold</b> text,Extra data 40
41,"<div>Content 41</div>",<system>,Description for item 41 with <b>bold</b> text,Extra data 41
42,"<div>Content 42</div>",<system>,Description for item 42 with <b>bold</b> text,Extra data 42
43,"<div>Content 43</div>",<admin>,Description for item 43 with <b>bold</b> text,Extra data 43
44,"<div>Content 44</div>",<guest>,Description for item 44 with <b>bold</b> text,Extra data 44
45,"<div>Content 45</div>",<guest>,Description for item 45 with <b>bold</b> text,Extra data 45
46,"<div>Content 46</div>",<error>,Description for item 46 with <b>bold</b> text,Extra data 46
47,"<div>Content 47</div>",<user>,Description for item 47 with <b>bold</b> text,Extra data 47
48,"<div>Content 48</div>",<guest>,Description for item 48 with <b>bold</b> text,Extra data 48
49,"<div>Content 49</div>",<admin>,Description for item 49 with <b>bold</b> text,Extra data 49
50,"<div>Content 50</div>",<guest>,Description for item 50 with <b>bold</b> text,Extra data 50
51,"<div>Content 51</div>",<system>,Description for item 51 with <b>bold</b> text,Extra data 51
52,"<div>Content 52</div>",<guest>,Description for item 52 with <b>bold</b> text,Extra data 52
53,"<div>Content 53</div>",<system>,Description for item 53 with <b>bold</b> text,Extra data 53
54,"<div>Content 54</div>",<guest>,Description for item 54 with <b>bold</b> text,Extra data 54
55,"<div>Content 55</div>",<user>,Description for item 55 with <b>bold</b> text,Extra data 55
56,"<div>Content 56</div>",<error>,Description for item 56 with <b>bold</b> text,Extra data 56
57,"<div>Content 57</div>",<user>,Description for item 57 with <b>bold</b> text,Extra data 57
58,"<div>Content 58</div>",<guest>,Description for item 58 with <b>bold</b> text,Extra data 58
59,"<div>Content 59</div>",<error>,Description for item 59 with <b>bold</b> text,Extra data 59
60,"<div>Content 60</div>",<guest>,Description for item 60 with <b>bold</b> text,Extra data 60
61,"<div>Content 61</div>",<system>,Description for item 61 with <b>bold</b> text,Extra data 61
62,"<div>Content 62</div>",<user>,Description for item 62 with <b>bold</b> text,Extra data 62
63,"<div>Content 63</div>",<user>,Description for item 63 with <b>bold</b> text,Extra data 63
64,"<div>Content 64</div>",<user>,Description for item 64 with <b>bold</b> text,Extra data 64
65,"<div>Content 65</div>",<user>,Description for item 65 with <b>bold</b> text,Extra data 65
66,"<div>Content 66</div>",<guest>,Description for item 66 with <b>bold</b> text,Extra data 66
67,"<div>Content 67</div>",<guest>,Description for item 67 with <b>bold</b> text,Extra data 67
68,"<div>Content 68</div>",<system>,Description for item 68 with <b>bold</b> text,Extra data 68
69,"<div>Content 69</div>",<user>,Description for item 69 with <b>bold</b> text,Extra data 69
70,"<div>Content 70</div>",<guest>,Description for item 70 with <b>bold</b> text,Extra data 70
71,"<div>Content 71</div>",<system>,Description for item 71 with <b>bold</b> text,Extra data 71
72,"<div>Content 72</div>",<user>,Description for item 72 with <b>bold</b> text,Extra data 72
73,"<div>Content 73</div>",<admin>,Description for item 73 with <b>bold</b> text,Extra data 73
74,"<div>Content 74</div>",<user>,Description for item 74 with <b>bold</b> text,Extra data 74
75,"<div>Content 75</div>",<user>,Description for item 75 with <b>bold</b> text,Extra data 75
76,"<div>Content 76</div>",<system>,Description for item 76 with <b>bold</b> text,Extra data 76
77,"<div>Content 77</div>",<guest>,Description for item 77 with <b>bold</b> text,Extra data 77
78,"<div>Content 78</div>",<admin>,Description for item 78 with <b>bold</b> text,Extra data 78
79,"<div>Content 79</div>",<error>,Description for item 79 with <b>bold</b> text,Extra data 79
80,"<div>Content 80</div>",<user>,Description for item 80 with <b>bold</b> text,Extra data 80
81,"<div>Content 81</div>",<user>,Description for item 81 with <b>bold</b> text,Extra data 81
82,"<div>Content 82</div>",<user>,Description for item 82 with <b>bold</b> text,Extra data 82
83,"<div>Content 83</div>",<guest>,Description for item 83 with <b>bold</b> text,Extra data 83
84,"<div>Content 84</div>",<guest>,Description for item 84 with <b>bold</b> text,Extra data 84
85,"<div>Content 85</div>",<user>,Description for item 85 with <b>bold</b> text,Extra data 85
86,"<div>Content 86</div>",<system>,Description for item 86 with <b>bold</b> text,Extra data 86
87,"<div>Content 87</div>",<guest>,Description for item 87 with <b>bold</b> text,Extra data 87
88,"<div>Content 88</div>",<admin>,Description for item 88 with <b>bold</b> text,Extra data 88
89,"<div>Content 89</div>",<user>,Description for item 89 with <b>bold</b> text,Extra data 89
90,"<div>Content 90</div>",<error>,Description for item 90 with <b>bold</b> text,Extra data 90
91,"<div>Content 91</div>",<guest>,Description for item 91 with <b>bold</b> text,Extra data 91
92,"<div>Content 92</div>",<error>,Description for item 92 with <b>bold</b> text,Extra data 92
93,"<div>Content 93</div>",<system>,Description for item 93 with <b>bold</b> text,Extra data 93
94,"<div>Content 94</div>",<error>,Description for item 94 with <b>bold</b> text,Extra data 94
95,"<div>Content 95</div>",<admin>,Description for item 95 with <b>bold</b> text,Extra data 95
96,"<div>Content 96</div>",<system>,Description for item 96 with <b>bold</b> text,Extra data 96
97,"<div>Content 97</div>",<admin>,Description for item 97 with <b>bold</b> text,Extra data 97
98,"<div>Content 98</div>",<admin>,Description for item 98 with <b>bold</b> text,Extra data 98
99,"<div>Content 99</div>",<admin>,Description for item 99 with <b>bold</b> text,Extra data 99
100,"<div>Content 100</div>",<user>,Description for item 100 with <b>bold</b> text,Extra data 100
101,"<div>Content 101</div>",<admin>,Description for item 101 with <b>bold</b> text,Extra data 101
102,"<div>Content 102</div>",<error>,Description for item 102 with <b>bold</b> text,Extra data 102
103,"<div>Content 103</div>",<admin>,Description for item 103 with <b>bold</b> text,Extra data 103
104,"<div>Content 104</div>",<guest>,Description for item 104 with <b>bold</b> text,Extra data 104
105,"<div>Content 105</div>",<user>,Description for item 105 with <b>bold</b> text,Extra data 105
106,"<div>Content 106</div>",<user>,Description for item 106 with <b>bold</b> text,Extra data 106
107,"<div>Content 107</div>",<system>,Description for item 107 with <b>bold</b> text,Extra data 107
108,"<div>Content 108</div>",<admin>,Description for item 108 with <b>bold</b> text,Extra data 108
109,"<div>Content 109</div>",<user>,Description for item 109 with <b>bold</b> text,Extra data 109
110,"<div>Content 110</div>",<user>,Description for item 110 with <b>bold</b> text,Extra data 110
111,"<div>Content 111</div>",<error>,Description for item 111 with <b>bold</b> text,Extra data 111
112,"<div>Content 112</div>",<guest>,Description for item 112 with <b>bold</b> text,Extra data 112
113,"<div>Content 113</div>",<guest>,Description for item 113 with <b>bold</b> text,Extra data 113
114,"<div>Content 114</div>",<admin>,Description for item 114 with <b>bold</b> text,Extra data 114
115,"<div>Content 115</div>",<admin>,Description for item 115 with <b>bold</b> text,Extra data 115
116,"<div>Content 116</div>",<admin>,Description for item 116 with <b>bold</b> text,Extra data 116
117,"<div>Content 117</div>",<error>,Description for item 117 with <b>bold</b> text,Extra data 117
118,"<div>Content 118</div>",<error>,Description for item 118 with <b>bold</b> text,Extra data 118
119,"<div>Content 119</div>",<system>,Description for item 119 with <b>bold</b> text,Extra data 119
120,"<div>Content 120</div>",<guest>,Description for item 120 with <b>bold</b> text,Extra data 120
121,"<div>Content 121</div>",<admin>,Description for item 121 with <b>bold</b> text,Extra data 121
122,"<div>Content 122</div>",<user>,Description for item 122 with <b>bold</b> text,Extra data 122
123,"<div>Content 123</div>",<guest>,Description for item 123 with <b>bold</b> text,Extra data 123
124,"<div>Content 124</div>",<admin>,Description for item 124 with <b>bold</b> text,Extra data 124
125,"<div>Content 125</div>",<admin>,Description for item 125 with <b>bold</b> text,Extra data 125
126,"<div>Content 126</div>",<user>,Description for item 126 with <b>bold</b> text,Extra data 126
127,"<div>Content 127</div>",<error>,Description for item 127 with <b>bold</b> text,Extra data 127
128,"<div>Content 128</div>",<system>,Description for item 128 with <b>bold</b> text,Extra data 128
129,"<div>Content 129</div>",<user>,Description for item 129 with <b>bold</b> text,Extra data 129
130,"<div>Content 130</div>",<user>,Description for item 130 with <b>bold</b> text,Extra data 130
131,"<div>Content 131</div>",<system>,Description for item 131 with <b>bold</b> text,Extra data 131
132,"<div>Content 132</div>",<guest>,Description for item 132 with <b>bold</b> text,Extra data 132
133,"<div>Content 133</div>",<system>,Description for item 133 with <b>bold</b> text,Extra data 133
134,"<div>Content 134</div>",<user>,Description for item 134 with <b>bold</b> text,Extra data 134
135,"<div>Content 135</div>",<error>,Description for item 135 with <b>bold</b> text,Extra data 135
136,"<div>Content 136</div>",<user>,Description for item 136 with <b>bold</b> text,Extra data 136
137,"<div>Content 137</div>",<user>,Description for item 137 with <b>bold</b> text,Extra data 137
138,"<div>Content 138</div>",<guest>,Description for item 138 with <b>bold</b> text,Extra data 138
139,"<div>Content 139</div>",<user>,Description for item 139 with <b>bold</b> text,Extra data 139
140,"<div>Content 140</div>",<user>,Description for item 140 with <b>bold</b> text,Extra data 140
141,"<div>Content 141</div>",<error>,Description for item 141 with <b>bold</b> text,Extra data 141
142,"<div>Content 142</div>",<system>,Description for item 142 with <b>bold</b> text,Extra data 142
143,"<div>Content 143</div>",<guest>,Description for item 143 with <b>bold</b> text,Extra data 143
144,"<div>Content 144</div>",<system>,Description for item 144 with <b>bold</b> text,Extra data 144
145,"<div>Content 145</div>",<user>,Description for item 145 with <b>bold</b> text,Extra data 145
146,"<div>Content 146</div>",<admin>,Description for item 146 with <b>bold</b> text,Extra data 146
147,"<div>Content 147</div>",<guest>,Description for item 147 with <b>bold</b> text,Extra data 147
148,"<div>Content 148</div>",<user>,Description for item 148 with <b>bold</b> text,Extra data 148
149,"<div>Content 149</div>",<guest>,Description for item 149 with <b>bold</b> text,Extra data 149
150,"<div>Content 150</div>",<admin>,Description for item 150 with <b>bold</b> text,Extra data 150
151,"<div>Content 151</div>",<system>,Description for item 151 with <b>bold</b> text,Extra data 151
152,"<div>Content 152</div>",<guest>,Description for item 152 with <b>bold</b> text,Extra data 152
153,"<div>Content 153</div>",<error>,Description for item 153 with <b>bold</b> text,Extra data 153
154,"<div>Content 154</div>",<admin>,Description for item 154 with <b>bold</b> text,Extra data 154
155,"<div>Content 155</div>",<guest>,Description for item 155 with <b>bold</b> text,Extra data 155
156,"<div>Content 156</div>",<admin>,Description for item 156 with <b>bold</b> text,Extra data 156
157,"<div>Content 157</div>",<error>,Description for item 157 with <b>bold</b> text,Extra data 157
158,"<div>Content 158</div>",<user>,Description for item 158 with <b>bold</b> text,Extra data 158
159,"<div>Content 159</div>",<error>,Description for item 159 with <b>bold</b> text,Extra data 159
160,"<div>Content 160</div>",<admin>,Description for item 160 with <b>bold</b> text,Extra data 160
161,"<div>Content 161</div>",<system>,Description for item 161 with <b>bold</b> text,Extra data 161
162,"<div>Content 162</div>",<user>,Description for item 162 with <b>bold</b> text,Extra data 162
163,"<div>Content 163</div>",<system>,Description for item 163 with <b>bold</b> text,Extra data 163
164,"<div>Content 164</div>",<user>,Description for item 164 with <b>bold</b> text,Extra data 164
165,"<div>Content 165</div>",<guest>,Description for item 165 with <b>bold</b> text,Extra data 165
166,"<div>Content 166</div>",<guest>,Description for item 166 with <b>bold</b> text,Extra data 166
167,"<div>Content 167</div>",<user>,Description for item 167 with <b>bold</b> text,Extra data 167
168,"<div>Content 168</div>",<error>,Description for item 168 with <b>bold</b> text,Extra data 168
169,"<div>Content 169</div>",<user>,Description for item 169 with <b>bold</b> text,Extra data 169
170,"<div>Content 170</div>",<user>,Description for item 170 with <b>bold</b> text,Extra data 170
171,"<div>Content 171</div>",<system>,Description for item 171 with <b>bold</b> text,Extra data 171
172,"<div>Content 172</div>",<guest>,Description for item 172 with <b>bold</b> text,Extra data 172
173,"<div>Content 173</div>",<user>,Description for item 173 with <b>bold</b> text,Extra data 173
174,"<div>Content 174</div>",<error>,Description for item 174 with <b>bold</b> text,Extra data 174
175,"<div>Content 175</div>",<system>,Description for item 175 with <b>bold</b> text,Extra data 175
176,"<div>Content 176</div>",<guest>,Description for item 176 with <b>bold</b> text,Extra data 176
177,"<div>Content 177</div>",<guest>,Description for item 177 with <b>bold</b> text,Extra data 177
178,"<div>Content 178</div>",<guest>,Description for item 178 with <b>bold</b> text,Extra data 178
179,"<div>Content 179</div>",<system>,Description for item 179 with <b>bold</b> text,Extra data 179
180,"<div>Content 180</div>",<error>,Description for item 180 with <b>bold</b> text,Extra data 180
181,"<div>Content 181</div>",<error>,Description for item 181 with <b>bold</b> text,Extra data 181
182,"<div>Content 182</div>",<guest>,Description for item 182 with <b>bold</b> text,Extra data 182
183,"<div>Content 183</div>",<error>,Description for item 183 with <b>bold</b> text,Extra data 183
184,"<div>Content 184</div>",<admin>,Description for item 184 with <b>bold</b> text,Extra data 184
185,"<div>Content 185</div>",<system>,Description for item 185 with <b>bold</b> text,Extra data 185
186,"<div>Content 186</div>",<admin>,Description for item 186 with <b>bold</b> text,Extra data 186
187,"<div>Content 187</div>",<system>,Description for item 187 with <b>bold</b> text,Extra data 187
188,"<div>Content 188</div>",<admin>,Description for item 188 with <b>bold</b> text,Extra data 188
189,"<div>Content 189</div>",<guest>,Description for item 189 with <b>bold</b> text,Extra data 189
190,"<div>Content 190</div>",<error>,Description for item 190 with <b>bold</b> text,Extra data 190
191,"<div>Content 191</div>",<admin>,Description for item 191 with <b>bold</b> text,Extra data 191
192,"<div>Content 192</div>",<system>,Description for item 192 with <b>bold</b> text,Extra data 192
193,"<div>Content 193</div>",<guest>,Description for item 193 with <b>bold</b> text,Extra data 193
194,"<div>Content 194</div>",<error>,Description for item 194 with <b>bold</b> text,Extra data 194
195,"<div>Content 195</div>",<admin>,Description for item 195 with <b>bold</b> text,Extra data 195
196,"<div>Content 196</div>",<system>,Description for item 196 with <b>bold</b> text,Extra data 196
197,"<div>Content 197</div>",<guest>,Description for item 197 with <b>bold</b> text,Extra data 197
198,"<div>Content 198</div>",<guest>,Description for item 198 with <b>bold</b> text,Extra data 198
199,"<div>Content 199</div>",<error>,Description for item 199 with <b>bold</b> text,Extra data 199
